STN;YYYYMMDD;DDVEC;FHVEC;FG;FHX;FHXH;FHN;FHNH;FXX;FXXH;PG;PX;PXH;PN;PNH;VVN;VVNH;VVX;VVXH;NG
225;20010101;174;97;100;120;4;80;13;190;2;9947;10010;1;9930;13;45;8;75;16;8
225;20010102;184;107;110;140;20;80;8;200;20;9898;9926;1;9882;16;65;5;80;10;7
225;20010103;215;73;92;130;2;50;18;170;1;9996;10041;16;9909;1;60;15;80;12;5
225;20010104;188;97;106;170;18;60;14;210;18;9929;9964;1;9899;15;50;8;70;13;8
225;20010105;203;70;92;170;14;40;24;210;14;9859;9945;1;9784;14;40;9;75;21;7
225;20010106;235;84;92;120;22;50;1;160;24;9973;10040;24;9875;1;60;11;75;1;6
225;20010107;216;97;98;120;1;70;22;150;9;10068;10099;22;10041;1;65;11;75;1;6
225;20010108;239;69;83;100;1;50;23;140;20;10106;10127;24;10090;6;58;20;80;14;7
225;20010109;236;47;53;70;1;20;22;90;1;10138;10145;11;10127;1;56;19;80;9;6
225;20010110;74;75;76;120;23;20;1;170;24;10138;10170;24;10127;6;15;5;59;1;8
225;20010111;70;89;90;130;1;40;22;170;1;10241;10281;21;10175;1;56;1;82;14;3
225;20010112;75;45;46;60;14;20;5;90;16;10293;10320;24;10279;1;65;6;82;1;4
225;20010113;80;74;74;80;4;50;3;110;13;10358;10385;24;10323;1;9;1;75;13;2
225;20010114;78;85;85;120;19;50;6;160;18;10354;10383;1;10316;24;1;9;80;11;5
225;20010115;92;82;83;110;2;30;24;140;2;10279;10311;1;10262;15;50;6;75;12;2
225;20010116;91;44;45;60;16;30;11;80;16;10247;10265;2;10230;24;50;16;60;1;0
225;20010117;101;29;30;50;9;10;13;70;9;10202;10225;1;10191;15;30;8;75;5;1
225;20010118;97;30;31;50;6;10;20;70;7;10195;10206;23;10188;2;3;24;65;6;6
225;20010119;149;20;21;30;8;10;2;40;7;10218;10229;21;10205;1;1;7;39;17;8
225;20010120;147;29;32;50;5;20;1;80;5;10233;10249;24;10221;6;8;9;45;19;8
225;20010121;125;47;50;90;21;10;3;130;20;10201;10248;1;10113;24;18;20;58;23;7
225;20010122;124;54;60;80;1;40;8;120;21;10047;10108;1;9974;24;4;13;60;19;8
225;20010123;176;92;96;140;24;70;1;200;19;9953;10000;10;9870;24;35;17;65;14;8
225;20010124;209;118;122;170;7;80;24;230;4;9930;10011;23;9844;4;60;13;65;1;4
225;20010125;184;78;82;90;6;70;2;120;7;10001;10012;20;9990;5;56;9;80;17;4
225;20010126;186;84;87;130;15;60;24;170;14;9979;10008;1;9930;24;60;13;82;15;5
225;20010127;268;59;83;130;14;30;6;180;17;9937;9977;24;9902;5;56;16;70;1;6
225;20010128;290;55;60;100;1;30;22;120;1;10030;10098;24;9976;1;56;15;75;8;6
225;20010129;234;10;26;40;3;10;5;50;3;10170;10218;24;10105;1;58;8;75;5;6
225;20010130;219;27;37;60;15;20;22;70;13;10223;10230;11;10214;4;60;5;82;10;6
225;20010131;88;29;32;40;3;10;24;60;5;10253;10295;24;10223;1;1;3;65;1;8
225;20010201;254;13;25;50;8;10;1;80;9;10280;10294;9;10249;24;2;1;80;13;6
225;20010202;146;37;45;60;2;20;3;90;2;10171;10240;1;10114;23;20;15;80;1;8
225;20010203;103;60;61;80;8;30;1;110;7;10041;10112;1;10004;18;8;17;40;19;8
225;20010204;109;47;71;100;21;40;19;130;21;9990;10037;7;9901;24;20;14;65;24;8
225;20010205;223;107;114;150;20;90;3;190;19;9916;9963;24;9856;5;50;17;65;1;7
225;20010206;205;129;130;150;6;90;2;200;8;9959;9988;24;9931;6;56;3;75;21;7
225;20010207;194;88;92;130;10;30;24;160;3;9993;10014;13;9953;24;65;24;80;15;7
225;20010208;204;14;93;150;9;30;1;200;7;9952;10051;24;9899;6;60;3;80;10;7
225;20010209;23;38;43;100;1;10;20;120;1;10181;10273;24;10063;1;80;1;82;21;5
225;20010210;164;63;66;120;24;30;1;160;23;10295;10317;11;10270;24;60;21;82;1;5
225;20010211;209;135;136;150;15;110;23;190;8;10266;10272;19;10258;7;45;8;75;18;8
225;20010212;220;42;96;140;1;40;16;190;3;10228;10292;24;10191;14;40;16;75;7;7
225;20010213;16;58;58;100;1;20;24;150;2;10351;10367;21;10298;1;60;13;75;1;3
225;20010214;88;25;25;40;20;10;1;50;17;10351;10363;1;10337;24;2;3;65;18;3
225;20010215;79;14;21;30;2;10;11;50;5;10316;10332;1;10298;24;3;3;75;21;1
225;20010216;17;55;58;90;23;30;1;120;23;10306;10351;24;10284;4;2;6;75;19;7
225;20010217;37;62;64;90;3;30;23;130;6;10399;10421;20;10360;1;65;5;75;1;7
225;20010218;332;32;36;60;23;10;3;80;11;10406;10417;1;10398;6;75;1;80;20;5
225;20010219;282;68;82;110;9;30;1;150;10;10358;10398;1;10332;17;35;9;80;1;6
225;20010220;291;58;70;90;19;40;11;120;21;10325;10346;5;10279;24;65;1;75;2;6
225;20010221;286;65;69;90;1;40;22;110;1;10247;10274;1;10215;24;30;8;80;24;7
225;20010222;297;86;90;110;13;50;20;200;22;10141;10210;1;10059;24;70;22;80;1;5
225;20010223;331;63;68;110;2;30;14;210;6;10054;10062;10;10047;5;70;3;82;2;6
225;20010224;32;22;76;120;2;30;13;170;2;10113;10137;12;10060;1;35;3;80;10;4
225;20010225;282;83;91;120;7;60;16;170;24;10091;10105;1;10083;23;35;9;80;14;6
225;20010226;223;40;69;90;13;30;10;150;4;10041;10083;1;9983;24;50;7;84;8;5
225;20010227;132;57;61;70;1;40;20;130;5;9954;9978;1;9945;14;60;5;75;1;7
225;20010228;81;43;47;70;9;10;16;90;9;9942;9947;2;9937;7;45;16;75;1;6
225;20010301;43;50;53;70;1;40;18;90;1;9950;9984;24;9933;4;28;7;70;24;8
225;20010302;67;66;67;110;22;20;5;160;22;9994;10009;10;9979;23;56;17;75;2;5
225;20010303;71;70;72;90;1;60;14;130;1;9988;9998;12;9973;5;50;24;80;9;3
225;20010304;77;65;65;90;4;40;23;120;4;9989;10073;24;9958;7;45;13;60;2;8
225;20010305;135;24;33;50;14;20;7;90;13;10188;10238;21;10087;1;50;4;70;20;4
225;20010306;117;54;55;80;20;40;1;120;21;10189;10232;1;10117;24;56;11;75;16;3
225;20010307;168;56;64;90;14;40;24;130;1;10081;10111;1;10073;7;26;7;79;17;7
225;20010308;147;42;67;120;22;30;6;160;24;10004;10076;1;9951;19;5;21;75;1;7
225;20010309;208;93;94;110;16;70;9;130;1;9992;10008;22;9978;2;2;14;65;1;7
225;20010310;209;80;83;100;16;60;9;120;16;10000;10021;24;9991;14;5;15;65;7;8
225;20010311;209;76;83;140;23;40;19;220;22;10023;10054;9;9959;23;40;7;70;24;8
225;20010312;227;85;90;130;23;60;21;180;22;10012;10038;11;9983;1;58;4;80;10;3
225;20010313;241;85;105;140;8;60;13;190;9;9970;10002;24;9939;10;65;6;80;15;5
225;20010314;264;79;87;130;3;30;23;160;1;10053;10077;19;10008;1;45;21;75;1;4
225;20010315;206;28;30;50;11;10;7;70;13;10085;10105;24;10059;3;8;15;70;13;6
225;20010316;69;63;65;120;24;10;1;150;21;10103;10121;9;10071;24;5;1;80;20;8
225;20010317;67;107;108;140;2;80;10;190;4;10026;10060;1;10012;16;35;10;76;3;8
225;20010318;46;65;69;100;23;40;14;140;24;9993;10017;1;9973;20;27;8;75;13;8
225;20010319;352;92;98;170;4;20;22;220;5;10123;10192;24;9990;1;60;5;82;11;6
225;20010320;126;26;53;80;20;20;13;120;24;10152;10192;1;10104;24;80;12;82;4;6
225;20010321;90;89;90;120;7;40;23;170;6;10015;10100;1;9972;24;15;24;81;1;8
225;20010322;24;22;40;70;12;10;20;80;11;10004;10075;22;9945;4;5;6;75;16;8
225;20010323;85;41;55;110;16;20;23;160;15;10004;10059;1;9949;15;20;6;75;1;8
225;20010324;76;60;63;120;23;10;3;150;21;10018;10036;10;9996;24;15;2;65;1;8
225;20010325;53;95;97;120;2;70;23;160;1;10018;10077;24;9984;4;56;1;75;20;7
225;20010326;80;57;59;80;17;50;2;100;14;10119;10144;23;10082;1;60;6;75;1;7
225;20010327;113;75;76;100;8;60;1;130;7;10116;10142;1;10062;24;59;6;75;2;7
225;20010328;151;71;73;110;16;60;7;210;16;9990;10056;1;9938;24;45;3;80;21;7
225;20010329;211;31;40;60;1;10;7;90;1;9961;10037;24;9912;6;45;12;80;1;6
225;20010330;227;53;55;70;20;30;1;100;20;10118;10182;24;10041;1;15;1;75;2;4
225;20010331;200;96;100;130;17;70;1;170;13;10184;10195;23;10175;11;60;22;80;15;6
225;20010401;213;55;61;110;1;20;20;140;1;10220;10236;13;10200;1;5;9;74;20;6
225;20010402;158;49;54;90;15;30;1;130;15;10129;10199;1;10060;24;40;5;75;16;3
225;20010403;219;69;78;130;6;40;21;170;1;10120;10153;12;10072;1;65;12;80;4;     
225;20010404;221;95;116;170;16;70;1;210;16;10024;10081;24;9980;11;65;19;75;7;     
225;20010405;224;107;123;150;20;100;9;230;16;10078;10131;9;9989;23;56;22;80;5;5
225;20010406;229;108;114;150;2;60;18;190;1;10007;10036;11;9965;23;50;12;65;4;8
225;20010407;220;74;81;120;1;10;24;160;4;10010;10070;24;9962;1;60;1;75;5;5
225;20010408;293;44;65;110;10;20;1;140;9;10157;10202;20;10075;1;65;6;75;1;6
225;20010409;172;44;47;60;1;30;19;90;1;10141;10180;1;10088;24;3;21;75;1;8
225;20010410;292;52;70;90;3;50;11;130;3;10091;10140;24;10059;5;40;1;82;12;8
225;20010411;6;94;95;110;6;70;1;150;8;10229;10288;22;10144;1;40;2;82;22;5
225;20010412;342;85;88;110;15;70;1;160;8;10286;10296;23;10280;12;65;18;82;1;5
225;20010413;8;81;85;100;1;40;24;140;4;10303;10319;22;10289;4;65;10;82;1;5
225;20010414;223;70;85;140;15;10;4;190;18;10230;10316;1;10091;24;30;21;80;7;6
225;20010415;310;103;105;120;15;90;12;170;19;10067;10084;24;10055;6;45;1;80;17;8
225;20010416;347;101;103;120;11;70;8;160;15;10144;10199;24;10084;1;60;10;82;6;7
225;20010417;265;68;95;140;20;60;8;180;21;10149;10200;2;10046;24;37;23;84;8;7
225;20010418;326;90;113;160;5;80;24;210;5;10048;10075;20;9998;4;58;4;82;7;7
225;20010419;302;93;96;130;9;60;22;170;9;10054;10062;1;10045;6;65;11;80;13;6
225;20010420;19;32;44;70;19;10;2;110;22;10087;10122;24;10060;1;65;15;84;6;5
225;20010421;33;55;63;90;16;40;13;120;16;10129;10139;9;10118;24;58;3;80;12;3
225;20010422;35;20;31;50;14;10;3;70;16;10075;10114;1;10042;24;60;19;75;1;4
225;20010423;88;18;32;50;3;20;14;70;3;10052;10077;22;10029;4;70;5;75;1;6
225;20010424;169;56;61;90;22;40;1;140;15;10058;10078;7;10030;19;65;5;75;1;5
225;20010425;192;42;49;100;24;20;16;130;23;10063;10076;23;10054;5;56;8;82;13;6
225;20010426;228;96;97;120;3;70;21;150;3;10113;10142;21;10075;1;60;10;75;1;7
225;20010427;231;52;56;100;1;10;19;130;1;10126;10138;11;10094;24;65;2;80;14;7
225;20010428;219;95;100;140;11;40;1;200;10;10054;10085;1;10029;10;60;8;80;13;6
225;20010429;198;30;53;90;1;10;17;120;1;10064;10069;15;10057;1;70;5;80;1;5
225;20010430;10;36;58;100;17;30;1;130;18;10115;10155;23;10066;1;60;16;80;1;6
225;20010501;47;100;101;140;11;80;1;190;11;10202;10245;24;10151;1;65;11;80;8;7
225;20010502;60;86;89;120;10;50;23;150;9;10182;10244;1;10108;24;70;1;74;20;4
225;20010503;10;66;69;130;19;40;3;180;19;10062;10098;1;10041;15;50;12;74;1;6
225;20010504;14;82;85;110;4;60;6;140;4;10119;10163;24;10069;1;56;5;75;3;6
225;20010505;22;86;87;110;16;60;1;140;17;10195;10215;24;10165;1;75;1;80;12;5
225;20010506;37;89;90;120;11;60;6;160;12;10230;10251;24;10214;1;65;4;80;12;3
225;20010507;46;80;80;100;15;60;22;150;16;10267;10288;24;10251;1;70;3;80;6;2
225;20010508;12;63;67;100;14;40;23;120;14;10278;10289;5;10260;24;61;24;80;7;3
225;20010509;67;63;65;100;14;30;2;130;13;10220;10256;1;10192;18;45;3;80;21;2
225;20010510;84;71;72;90;14;60;2;130;14;10197;10209;23;10188;17;70;12;80;1;0
225;20010511;59;50;57;90;18;40;10;110;16;10218;10224;9;10210;1;60;4;75;13;0
225;20010512;76;66;66;90;19;40;9;120;19;10196;10219;1;10161;24;65;2;75;14;0
225;20010513;82;56;58;70;1;40;8;100;20;10111;10155;1;10073;24;65;23;80;14;4
225;20010514;237;25;48;100;24;20;12;120;23;10063;10074;9;10048;24;40;18;65;1;7
225;20010515;231;58;57;90;6;10;19;110;1;10047;10054;15;10035;24;0;19;65;12;7
225;20010516;216;98;100;140;18;20;1;170;18;10018;10034;24;10005;17;59;1;80;24;6
225;20010517;222;130;137;210;19;50;5;290;19;10039;10057;24;10028;9;60;4;80;1;6
225;20010518;270;81;88;150;1;70;16;200;1;10151;10209;24;10064;1;     ;     ;     ;     ;     
225;20010519;286;58;60;90;7;30;19;100;1;10234;10255;22;10127;6;     ;     ;     ;     ;     
225;20010520;334;34;43;70;19;10;9;90;19;10269;10276;12;10254;1;     ;     ;     ;     ;     
225;20010521;51;60;63;90;16;40;1;140;16;10260;10275;1;10244;17;     ;     ;     ;     ;     
225;20010522;64;68;69;100;20;50;15;140;20;10244;10251;8;10236;17;80;1;81;5;2
225;20010523;67;56;61;80;1;40;11;110;19;10243;10253;7;10233;17;75;7;81;20;1
225;20010524;23;65;69;100;15;50;1;120;14;10235;10242;9;10230;18;60;4;81;1;2
225;20010525;39;45;55;80;1;30;10;110;1;10222;10232;5;10207;24;80;1;81;12;2
225;20010526;204;25;38;60;1;20;19;80;1;10197;10203;1;10190;4;4;24;81;1;6
225;20010527;218;88;88;110;22;50;2;130;16;10203;10215;12;10193;24;2;4;75;23;8
225;20010528;231;99;101;120;12;90;2;150;24;10190;10200;12;10168;24;45;12;75;1;7
225;20010529;257;87;88;110;1;40;24;150;1;10196;10205;14;10173;1;50;1;75;4;4
225;20010530;286;19;30;50;1;20;8;60;1;10171;10199;1;10136;24;70;1;80;14;2
225;20010531;300;76;83;100;3;20;5;140;3;10161;10197;24;10120;3;75;3;80;1;5
225;20010601;266;70;78;100;24;60;8;130;24;10179;10200;9;10115;24;65;11;80;2;6
225;20010602;308;107;129;170;14;100;3;210;14;10083;10128;23;10049;8;45;5;75;16;8
225;20010603;325;131;132;150;5;90;23;220;7;10179;10223;23;10131;3;65;4;75;1;6
225;20010604;263;76;78;100;4;50;22;120;4;10227;10234;11;10219;3;65;4;80;3;6
225;20010605;225;48;53;90;6;20;17;110;6;10175;10218;1;10124;24;60;5;80;12;7
225;20010606;220;86;88;160;23;40;1;200;22;10104;10120;1;10076;24;50;20;75;1;8
225;20010607;248;117;121;160;1;60;23;210;4;10089;10105;14;10056;4;40;4;83;12;5
225;20010608;283;66;68;80;4;60;6;90;2;10122;10149;24;10098;3;74;12;80;2;4
225;20010609;309;28;32;50;1;20;5;80;1;10146;10156;7;10135;24;75;1;81;20;4
225;20010610;313;24;36;60;22;10;3;80;24;10142;10167;24;10127;4;80;12;81;1;5
225;20010611;291;60;75;100;19;60;1;130;19;10196;10213;14;10167;1;65;20;81;8;6
225;20010612;292;44;49;80;3;20;22;100;3;10192;10196;12;10183;24;65;1;81;9;6
225;20010613;10;29;36;60;15;10;2;90;23;10162;10178;1;10148;18;45;3;75;20;6
225;20010614;72;40;50;80;23;30;9;120;23;10154;10170;8;10123;24;60;19;80;4;3
225;20010615;190;23;41;70;1;20;18;100;1;10091;10117;1;10073;17;36;19;75;16;7
225;20010616;173;24;38;50;3;20;15;70;3;10060;10073;1;10051;17;39;3;70;5;6
225;20010617;340;53;64;110;20;10;7;130;6;10094;10163;24;10054;2;25;5;75;8;7
225;20010618;337;90;92;110;4;60;24;140;7;10236;10283;24;10170;1;65;1;75;4;7
225;20010619;253;32;41;60;1;20;10;80;1;10271;10287;8;10238;24;65;16;81;4;4
225;20010620;213;52;59;90;10;20;23;110;10;10188;10233;1;10151;24;49;3;80;19;6
225;20010621;312;64;66;90;13;40;2;110;13;10152;10158;21;10143;3;74;1;80;12;5
225;20010622;319;81;85;120;8;50;20;140;7;10164;10187;21;10139;5;74;4;78;3;7
225;20010623;18;33;43;60;17;30;2;90;23;10201;10206;11;10189;1;75;1;81;13;4
225;20010624;39;29;42;60;1;10;8;80;1;10218;10237;24;10203;1;45;5;75;1;4
225;20010625;79;52;55;70;1;40;8;80;1;10247;10257;10;10237;1;50;3;70;12;2
225;20010626;87;72;73;90;13;50;3;120;13;10178;10237;1;10112;24;45;5;74;10;3
225;20010627;219;68;89;140;7;50;4;200;6;10114;10138;23;10084;7;35;9;74;1;7
225;20010628;224;85;86;120;17;40;7;140;17;10167;10190;24;10132;1;60;1;75;7;5
225;20010629;218;68;69;100;12;40;21;120;1;10205;10220;11;10192;1;56;10;75;19;4
225;20010630;238;53;59;90;15;40;5;110;15;10196;10217;23;10186;3;61;13;75;1;5
225;20010701;286;51;53;70;6;20;21;90;6;10259;10289;23;10217;1;74;10;80;4;2
225;20010702;324;15;30;50;18;10;6;60;18;10280;10293;8;10258;24;65;8;75;1;4
225;20010703;93;56;57;100;16;20;1;130;16;10200;10253;1;10143;24;65;2;81;12;2
225;20010704;105;66;69;90;10;50;22;140;10;10121;10139;1;10107;17;75;1;80;8;0
225;20010705;106;43;52;90;12;20;18;120;11;10115;10124;7;10104;17;70;7;80;1;3
225;20010706;356;34;50;120;5;10;3;170;4;10089;10112;4;10046;24;49;20;81;7;6
225;20010707;250;42;50;80;24;20;7;100;24;10040;10055;22;10028;5;20;20;65;1;7
225;20010708;245;65;67;80;1;40;14;100;1;10077;10114;24;10047;3;30;19;65;6;8
225;20010709;258;67;71;100;24;60;1;130;24;10133;10146;13;10116;1;59;1;80;22;6
225;20010710;216;104;111;170;19;60;3;220;22;10068;10118;1;10031;20;56;15;80;1;7
225;20010711;237;167;168;190;13;140;24;250;13;10057;10086;24;10036;1;65;15;75;3;6
225;20010712;247;120;125;160;1;60;20;200;1;10083;10104;11;10063;20;75;1;80;12;6
225;20010713;240;101;104;130;2;50;24;160;1;10069;10077;12;10059;2;75;1;80;17;6
225;20010714;236;45;53;100;22;10;14;120;22;10061;10097;24;10051;3;50;14;80;1;7
225;20010715;271;45;49;90;1;20;18;130;5;10146;10172;22;10103;1;70;1;81;12;5
225;20010716;338;14;35;50;19;20;1;70;18;10168;10175;7;10150;24;70;22;81;12;3
225;20010717;93;70;71;100;17;40;1;140;16;10082;10149;1;9998;24;70;1;75;4;5
225;20010718;164;57;69;130;6;40;20;230;6;9977;9989;1;9962;5;36;5;75;6;8
225;20010719;248;40;59;90;15;20;9;110;15;9999;10038;22;9967;3;65;5;80;13;6
225;20010720;314;52;73;130;9;10;4;150;9;10122;10181;21;10038;1;56;9;80;20;6
225;20010721;200;85;89;120;15;50;6;160;16;10160;10172;1;10154;13;45;10;80;1;7
225;20010722;226;56;59;80;1;10;22;110;4;10179;10192;22;10163;1;75;1;81;23;4
225;20010723;30;17;32;50;7;10;3;60;6;10179;10191;1;10165;19;50;13;81;1;6
225;20010724;332;21;28;50;22;10;1;60;21;10180;10196;24;10160;4;2;7;81;19;5
225;20010725;22;35;42;70;21;20;5;90;21;10197;10202;8;10190;19;4;4;65;1;4
225;20010726;55;26;46;60;1;20;9;80;1;10180;10193;1;10167;18;50;1;70;5;3
225;20010727;23;47;51;70;11;30;4;110;18;10175;10193;23;10167;4;50;1;75;18;5
225;20010728;3;50;53;70;11;30;24;90;5;10213;10232;21;10185;1;45;1;70;8;2
225;20010729;228;39;44;80;23;10;1;90;14;10228;10239;6;10210;24;45;13;70;2;3
225;20010730;278;23;33;80;1;10;18;100;1;10223;10236;13;10206;1;60;20;80;6;3
225;20010731;301;45;69;100;18;20;1;130;19;10219;10252;23;10193;7;50;4;81;11;6
225;20010801;26;48;61;90;1;40;8;110;1;10249;10273;10;10212;24;70;20;81;6;3
225;20010802;96;57;60;80;6;40;17;110;10;10122;10209;1;10044;24;65;23;75;2;6
225;20010803;239;95;102;130;5;60;1;160;5;10086;10120;21;10031;4;50;5;80;19;5
225;20010804;239;91;98;130;23;80;16;170;24;10139;10157;15;10114;1;75;5;80;1;4
225;20010805;248;65;80;110;3;40;2;180;3;10139;10161;19;10112;4;80;1;81;6;6
225;20010806;225;93;100;150;18;60;4;190;18;10098;10143;1;10061;19;56;16;80;1;6
225;20010807;230;58;76;100;23;50;6;150;23;10056;10082;11;10000;24;45;18;75;4;7
225;20010808;243;135;141;170;17;70;24;230;18;10020;10076;24;9988;4;56;1;80;18;6
225;20010809;254;24;28;70;1;10;10;120;8;10115;10142;24;10080;1;45;20;75;10;7
225;20010810;309;62;73;90;3;20;6;130;2;10209;10251;23;10141;1;35;1;81;9;5
225;20010811;238;92;95;140;21;60;1;180;21;10239;10254;7;10204;24;70;20;81;12;5
225;20010812;232;138;139;150;10;130;1;210;18;10157;10196;1;10112;24;35;13;70;1;8
225;20010813;238;104;106;130;1;80;22;170;2;10124;10140;21;10101;4;49;22;65;7;8
225;20010814;213;25;46;100;1;10;16;120;1;10149;10159;10;10137;1;3;5;80;21;4
225;20010815;158;31;38;60;13;20;17;90;20;10125;10145;1;10106;24;60;5;80;1;4
225;20010816;230;97;99;140;11;20;2;180;12;10132;10172;23;10094;2;40;5;75;11;5
225;20010817;240;29;63;100;1;30;17;120;1;10186;10197;13;10174;1;65;22;81;11;3
225;20010818;96;55;61;70;1;40;17;140;21;10121;10174;1;10069;24;35;21;75;1;6
225;20010819;191;74;81;110;10;20;4;170;17;10063;10077;23;10049;16;60;6;75;3;6
225;20010820;241;56;72;140;4;20;22;170;3;10142;10201;23;10078;1;75;1;80;9;5
225;20010821;73;6;29;40;7;20;1;60;7;10202;10209;8;10196;15;60;12;70;5;4
225;20010822;15;32;40;60;14;10;6;90;13;10222;10229;11;10206;1;60;12;74;15;6
225;20010823;22;25;35;70;3;10;10;90;2;10195;10217;2;10181;24;27;15;65;1;7
225;20010824;102;12;27;50;7;10;10;60;2;10172;10179;2;10165;18;25;7;65;22;4
225;20010825;153;21;35;50;4;20;6;70;4;10167;10175;11;10157;24;40;6;70;17;1
225;20010826;322;5;59;90;19;20;23;120;17;10157;10171;16;10143;4;40;10;65;1;6
225;20010827;345;78;80;110;4;60;1;140;5;10204;10229;20;10158;1;60;1;80;11;4
225;20010828;344;43;48;60;1;10;24;90;4;10206;10223;1;10182;24;75;1;83;6;4
225;20010829;90;40;42;70;18;20;1;90;15;10161;10183;7;10123;24;65;6;80;13;4
225;20010830;347;10;43;80;24;20;10;100;23;10091;10117;1;10080;24;45;10;65;1;7
225;20010831;338;20;49;90;19;20;10;120;19;10088;10125;23;10070;6;50;8;75;2;7
225;20010901;316;68;78;110;8;40;20;140;5;10161;10180;19;10126;1;75;1;81;16;6
225;20010902;247;87;90;110;5;30;23;170;20;10132;10159;1;10117;20;40;20;75;1;7
225;20010903;282;66;71;100;20;30;1;160;24;10098;10111;1;10073;24;70;1;75;13;7
225;20010904;322;130;133;170;16;70;6;220;15;10093;10148;24;10067;6;60;13;82;11;7
225;20010905;308;69;90;140;1;40;24;180;1;10169;10186;13;10147;1;40;24;81;12;7
225;20010906;320;27;55;90;24;20;7;120;24;10137;10152;23;10123;5;45;1;81;16;6
225;20010907;274;122;127;200;24;90;2;260;24;10112;10148;1;10033;24;65;15;80;1;7
225;20010908;313;153;156;190;1;130;8;270;21;10072;10088;12;10029;2;60;5;80;20;7
225;20010909;327;152;153;180;4;130;13;270;1;10085;10101;21;10068;1;60;5;80;21;6
225;20010910;324;142;144;170;3;120;23;220;5;10116;10143;23;10089;2;25;12;80;7;7
225;20010911;309;117;120;140;21;110;7;190;22;10134;10143;22;10122;8;57;2;82;8;6
225;20010912;261;71;98;150;24;40;10;200;24;10125;10197;19;10039;24;40;24;80;5;7
225;20010913;257;70;83;160;1;10;24;220;1;10010;10025;3;9990;19;60;1;75;24;7
225;20010914;310;60;70;100;24;20;1;130;24;10066;10102;20;10008;1;72;20;80;8;6
225;20010915;277;101;111;140;5;70;23;190;4;10076;10089;17;10053;6;60;3;80;6;7
225;20010916;340;99;100;120;13;70;2;170;1;10125;10160;20;10081;1;60;4;80;7;7
225;20010917;357;61;83;130;16;50;13;180;17;10119;10149;1;10067;18;50;5;75;4;7
225;20010918;208;33;47;110;24;10;7;140;24;10115;10142;7;10049;24;60;8;80;20;7
225;20010919;110;63;90;110;18;60;9;160;18;10016;10046;1;10004;16;40;6;70;1;8
225;20010920;2;76;82;130;19;40;14;170;19;10077;10105;24;10036;1;60;17;80;10;7
225;20010921;346;91;93;110;4;80;15;150;4;10143;10159;20;10108;1;65;2;80;4;5
225;20010922;321;93;95;110;19;90;1;140;10;10138;10153;1;10107;24;65;24;80;5;6
225;20010923;42;61;66;90;1;50;9;120;1;10101;10108;9;10093;16;65;1;80;5;6
225;20010924;84;58;62;80;10;30;20;120;12;10130;10154;22;10104;2;50;6;65;1;8
225;20010925;184;21;29;40;17;20;1;60;18;10167;10181;22;10150;1;35;5;65;1;6
225;20010926;168;33;37;50;10;20;16;80;24;10172;10187;9;10138;24;3;4;65;9;5
225;20010927;228;58;65;120;19;10;5;160;21;10130;10140;11;10124;3;45;4;80;10;7
225;20010928;216;39;50;90;1;20;16;110;1;10138;10150;11;10130;24;65;1;80;19;4
225;20010929;152;28;38;60;15;20;19;80;15;10102;10128;1;10092;13;45;17;80;1;6
225;20010930;200;75;83;120;22;50;1;160;22;10090;10118;10;10021;24;50;1;75;14;6
225;20011001;218;138;143;180;6;120;12;230;5;10012;10043;24;9971;5;60;6;70;1;7
225;20011002;220;97;108;160;13;40;11;240;13;10034;10063;24;9990;13;45;11;80;16;7
225;20011003;235;110;110;130;14;90;3;160;13;10087;10109;21;10056;3;70;13;75;1;7
225;20011004;238;108;113;130;5;70;24;160;7;10122;10131;18;10107;1;72;24;80;4;5
225;20011005;162;51;54;70;10;30;18;90;7;10094;10124;1;10060;24;58;7;75;1;3
225;20011006;182;69;73;90;9;50;1;120;3;10056;10074;11;10039;21;35;20;75;1;5
225;20011007;180;93;96;140;23;60;3;210;23;10015;10043;1;9964;23;35;3;75;18;6
225;20011008;198;146;148;170;6;110;18;240;23;10003;10022;24;9963;2;65;23;75;1;5
225;20011009;222;135;146;170;1;120;17;210;12;10084;10159;24;10027;1;70;1;75;16;6
225;20011010;241;126;128;150;13;80;4;190;13;10207;10234;23;10163;1;60;17;75;1;6
225;20011011;230;110;112;140;1;70;24;180;1;10253;10265;23;10232;1;45;17;75;21;8
225;20011012;178;44;48;70;3;20;14;110;22;10241;10262;1;10217;22;50;6;75;1;1
225;20011013;177;40;41;60;1;10;14;80;11;10203;10217;8;10179;24;50;6;75;5;1
225;20011014;171;57;61;80;12;40;2;110;13;10154;10176;1;10136;24;56;12;74;1;4
225;20011015;182;64;73;100;1;50;7;180;19;10135;10178;24;10110;15;60;2;75;13;5
225;20011016;255;27;46;100;1;10;16;150;1;10255;10275;18;10187;1;74;18;80;4;3
225;20011017;106;50;51;60;11;40;7;90;11;10198;10260;1;10142;24;56;22;80;4;4
225;20011018;166;26;43;60;11;10;24;90;10;10122;10137;1;10113;9;45;1;65;4;6
225;20011019;124;30;33;50;18;10;2;80;14;10118;10131;1;10099;24;30;7;75;24;6
225;20011020;109;53;55;80;15;30;20;120;7;10051;10097;1;10007;24;65;6;75;1;5
225;20011021;163;58;64;100;24;40;1;140;24;10013;10045;24;9995;5;65;5;80;14;6
225;20011022;222;97;105;130;5;50;24;170;5;10095;10146;24;10046;2;36;7;75;1;7
225;20011023;157;51;54;60;7;40;2;100;10;10143;10166;24;10131;6;45;7;74;1;7
225;20011024;180;66;67;90;12;60;1;120;12;10178;10186;9;10168;1;50;16;65;2;6
225;20011025;216;68;75;110;20;40;7;140;21;10200;10212;11;10178;1;1;5;75;9;6
225;20011026;184;88;90;110;12;60;5;150;13;10149;10196;1;10110;24;45;6;65;12;5
225;20011027;249;94;97;140;1;70;24;170;1;10155;10204;24;10108;1;65;1;75;9;5
225;20011028;284;71;73;80;7;70;1;110;15;10237;10258;20;10205;1;74;5;75;1;5
225;20011029;253;126;127;150;18;90;1;200;19;10208;10243;1;10171;24;65;23;80;10;6
225;20011030;220;137;141;160;16;120;13;210;4;10138;10169;1;10099;24;60;7;75;21;2
225;20011031;278;134;161;190;9;130;1;250;10;10156;10279;24;10068;6;60;6;75;14;5
225;20011101;309;87;89;140;1;50;20;180;1;10349;10389;23;10287;1;75;1;75;1;4
225;20011102;270;71;72;80;2;60;6;100;3;10383;10396;8;10357;24;75;1;82;8;6
225;20011103;267;61;62;70;1;50;18;90;1;10313;10355;1;10264;24;70;5;82;7;6
225;20011104;285;94;97;130;20;50;2;170;23;10212;10256;1;10184;20;60;6;82;9;7
225;20011105;285;70;95;150;23;50;11;200;23;10212;10247;10;10142;24;65;19;80;1;6
225;20011106;276;126;131;160;1;90;22;200;2;10090;10126;1;10080;7;60;4;75;10;7
225;20011107;283;105;106;150;9;20;17;210;11;10040;10085;1;9968;24;50;9;75;7;7
225;20011108;330;97;142;200;15;40;23;280;14;9932;10039;24;9853;10;65;3;80;6;7
225;20011109;51;37;51;120;6;10;21;210;5;10182;10276;24;10054;1;65;1;80;8;5
225;20011110;200;83;87;120;12;30;1;160;24;10283;10300;9;10256;24;70;21;80;1;5
225;20011111;270;53;58;110;1;30;12;140;1;10223;10254;1;10190;24;65;3;75;6;7
225;20011112;302;38;68;100;21;40;1;150;20;10138;10184;1;10113;15;56;13;75;24;8
225;20011113;19;78;84;120;17;50;4;200;17;10198;10240;24;10163;1;60;21;75;1;7
225;20011114;32;71;78;120;2;40;23;210;3;10310;10386;24;10239;1;60;1;80;14;3
225;20011115;260;28;48;70;14;10;3;90;15;10383;10399;10;10370;17;58;7;80;10;3
225;20011116;19;35;40;60;2;20;22;70;1;10390;10400;11;10376;4;45;3;75;1;7
225;20011117;78;28;32;60;16;10;5;80;16;10344;10388;1;10298;24;65;7;75;1;7
225;20011118;60;35;41;60;20;20;10;90;19;10255;10290;1;10236;22;65;6;80;13;7
225;20011119;11;26;38;50;1;20;10;70;1;10256;10280;24;10235;1;56;7;80;21;6
225;20011120;270;77;81;120;21;40;7;150;20;10285;10295;10;10280;1;65;6;80;1;6
225;20011121;240;142;143;170;16;90;2;230;22;10227;10278;2;10158;24;45;8;75;1;8
225;20011122;319;128;145;170;18;120;4;250;13;10150;10188;24;10121;12;65;1;76;13;7
225;20011123;337;80;95;150;1;50;20;220;2;10220;10233;11;10191;1;60;9;82;12;6
225;20011124;277;48;51;80;1;30;13;110;1;10199;10215;1;10193;6;36;13;65;1;8
225;20011125;248;51;72;100;18;40;1;130;19;10149;10192;1;10112;19;12;6;75;3;8
225;20011126;340;45;50;90;4;10;20;110;1;10131;10140;10;10122;3;65;3;80;11;5
225;20011127;209;62;78;130;19;20;1;190;20;10081;10124;1;10025;19;58;18;80;1;5
225;20011128;275;96;100;120;3;80;19;180;10;10132;10178;22;10067;1;65;7;80;13;5
225;20011129;219;98;103;140;10;40;24;180;10;10113;10170;1;10075;17;35;14;80;1;8
225;20011130;197;55;58;90;22;30;2;110;22;10095;10108;24;10088;1;1;6;45;20;8
225;20011201;218;68;87;120;16;50;21;200;16;10140;10227;24;10108;3;2;4;74;21;8
225;20011202;65;35;47;70;1;20;21;90;1;10255;10271;11;10237;1;45;22;80;8;6
225;20011203;145;26;29;60;22;10;1;90;24;10211;10244;1;10146;24;5;9;65;21;8
225;20011204;248;88;120;150;13;70;1;210;12;10105;10175;24;10051;11;45;1;75;13;7
225;20011205;237;80;110;170;21;60;4;210;21;10126;10191;5;10052;17;30;13;80;5;7
225;20011206;359;72;76;170;2;10;24;220;1;10293;10369;24;10122;1;65;1;81;11;5
225;20011207;113;21;22;40;24;10;1;60;24;10392;10408;22;10370;1;2;24;80;1;2
225;20011208;103;39;39;50;1;30;4;70;2;10416;10422;10;10407;1;2;1;70;13;4
225;20011209;98;46;47;60;2;30;18;80;2;10420;10426;23;10416;4;     ;     ;     ;     ;7
225;20011210;75;19;23;40;1;10;12;60;1;10415;10425;10;10402;24;45;8;65;1;2
225;20011211;27;39;40;50;6;20;2;70;6;10373;10396;1;10342;24;50;1;80;16;4
225;20011212;55;54;56;70;2;40;7;100;2;10334;10342;9;10324;15;30;8;80;13;8
225;20011213;76;74;76;90;13;60;3;140;15;10362;10407;24;10339;3;49;1;80;13;5
225;20011214;86;63;65;80;1;40;4;110;1;10420;10428;11;10409;1;65;7;80;1;2
225;20011215;74;44;52;90;18;20;7;120;18;10389;10414;1;10374;14;30;15;80;1;6
225;20011216;65;47;51;80;6;20;21;120;6;10400;10411;10;10388;1;65;8;75;1;4
225;20011217;13;50;57;90;9;20;1;120;6;10368;10380;1;10350;7;70;5;82;11;3
225;20011218;351;50;51;80;23;40;5;120;23;10366;10376;10;10345;24;70;20;80;6;5
225;20011219;301;94;114;150;13;60;5;200;21;10258;10337;1;10194;19;70;1;82;9;7
225;20011220;301;51;90;170;23;10;11;240;3;10252;10295;11;10171;24;74;6;75;1;4
225;20011221;288;120;138;170;1;80;23;210;1;10057;10160;1;10011;14;45;11;75;1;6
225;20011222;341;76;93;140;15;50;22;210;16;10055;10140;24;10028;5;35;17;80;8;6
225;20011223;221;65;88;170;23;20;7;210;23;10172;10209;10;10118;24;45;23;80;5;4
225;20011224;253;154;156;180;1;130;9;230;1;10016;10104;1;9925;24;30;9;65;2;8
225;20011225;295;112;123;170;1;90;9;230;1;9934;9969;23;9912;4;50;5;80;10;6
225;20011226;315;110;114;140;16;80;10;210;16;10020;10077;24;9968;1;8;14;82;20;5
225;20011227;247;113;124;170;10;50;2;210;11;10014;10084;2;9981;14;35;11;76;2;7
225;20011228;272;166;172;220;12;100;1;440;9;9953;10004;24;9913;9;50;15;75;5;7
225;20011229;322;52;66;110;1;30;5;190;23;9975;10007;1;9948;15;20;17;80;8;7
225;20011230;316;57;81;140;2;20;24;200;4;10072;10186;24;9985;1;60;7;82;21;6
225;20011231;324;72;75;100;8;10;1;160;7;10276;10342;24;10193;1;60;18;82;1;5
225;20020101;271;91;93;110;19;70;3;130;18;10358;10369;11;10344;1;70;22;80;1;3
225;20020102;251;19;47;100;1;20;14;130;1;10348;10355;9;10343;6;3;10;80;6;5
225;20020103;107;76;77;90;11;50;6;130;11;10338;10347;9;10328;23;3;1;80;15;3
225;20020104;123;54;57;90;4;40;14;120;3;10332;10347;23;10322;4;74;1;81;13;0
225;20020105;175;50;53;70;23;40;8;90;22;10358;10366;10;10347;1;50;23;75;1;5
225;20020106;274;23;40;80;5;10;23;90;4;10350;10358;10;10344;6;3;3;80;13;8
225;20020107;182;6;14;40;1;0;3;60;1;10346;10352;10;10341;24;50;12;81;22;8
225;20020108;100;31;33;50;13;10;1;70;13;10344;10353;23;10335;14;35;10;81;1;7
225;20020109;126;24;26;40;23;10;14;60;10;10362;10373;11;10353;4;35;8;60;1;2
225;20020110;145;37;38;50;19;30;1;100;21;10326;10356;1;10292;24;45;1;66;13;4
225;20020111;225;54;70;100;13;50;1;120;13;10282;10305;24;10266;9;30;10;75;21;8
225;20020112;206;64;67;90;5;50;19;120;13;10302;10312;10;10293;24;15;9;75;21;5
225;20020113;166;48;50;60;1;30;17;90;10;10268;10288;1;10258;14;45;16;75;1;3
225;20020114;172;53;54;90;24;30;3;120;24;10241;10260;3;10197;24;3;10;65;1;8
225;20020115;185;43;50;90;3;10;19;110;1;10153;10193;1;10134;14;30;9;80;19;8
225;20020116;232;42;50;90;24;20;5;120;24;10201;10216;11;10164;1;65;13;80;1;5
225;20020117;202;81;81;100;23;70;2;140;15;10179;10202;1;10163;20;45;13;70;1;8
225;20020118;221;60;69;110;24;40;5;150;24;10173;10195;10;10120;24;56;1;80;12;5
225;20020119;229;109;114;140;4;90;22;180;6;10107;10152;24;10079;5;45;2;74;21;5
225;20020120;225;141;144;190;14;80;3;250;18;10099;10150;1;10050;17;30;8;65;1;7
225;20020121;218;108;113;140;13;80;23;170;5;10090;10112;9;10043;24;5;9;70;22;7
225;20020122;218;117;125;150;8;80;4;210;9;10024;10052;22;9990;8;65;8;75;6;6
225;20020123;188;110;114;140;24;90;6;200;24;9966;10050;1;9874;24;60;2;70;7;7
225;20020124;250;104;142;180;7;110;24;230;7;9937;10114;24;9815;6;30;9;75;21;7
225;20020125;223;54;90;180;24;30;9;230;24;10134;10192;10;10018;24;30;21;75;1;6
225;20020126;221;170;174;220;17;140;6;310;17;10004;10059;9;9955;24;40;1;65;5;7
225;20020127;232;92;97;150;1;50;15;180;1;10034;10083;23;9954;1;30;24;75;9;7
225;20020128;228;169;170;190;7;130;10;260;7;10103;10186;24;10053;7;20;1;70;13;5
225;20020129;222;129;129;140;1;110;12;180;1;10195;10205;9;10181;17;56;6;60;1;6
225;20020130;204;97;100;140;22;80;3;190;22;10143;10207;2;10084;23;45;7;60;1;8
225;20020131;225;115;125;160;6;100;3;230;5;10122;10160;13;10084;4;58;1;80;8;5
225;20020201;206;139;141;170;18;90;8;220;17;10126;10139;8;10106;1;42;7;70;1;7
225;20020202;194;125;126;170;1;80;24;220;1;10157;10171;21;10136;1;61;4;75;17;3
225;20020203;183;88;93;140;23;70;1;220;22;10101;10167;1;10040;24;65;17;75;3;5
225;20020204;211;139;147;180;18;90;10;250;18;10094;10143;9;10030;24;58;9;75;7;8
225;20020205;208;121;122;160;1;80;7;210;1;9982;10025;2;9958;23;56;7;70;9;6
225;20020206;244;94;108;120;3;80;24;170;17;10013;10114;24;9954;2;65;1;80;12;7
225;20020207;230;101;113;180;18;50;8;230;18;10157;10189;10;10126;22;45;16;75;1;7
225;20020208;227;104;109;160;22;80;7;220;23;10142;10182;11;10080;24;18;21;65;4;7
225;20020209;228;143;145;180;11;90;20;230;10;10032;10081;1;10004;17;40;1;71;21;6
225;20020210;242;123;130;170;23;110;7;220;24;10049;10083;15;10013;3;56;21;71;1;7
225;20020211;227;182;183;200;10;170;1;250;10;10004;10037;1;9992;14;45;7;65;21;8
225;20020212;236;125;126;160;1;80;24;210;2;10079;10126;24;10012;1;60;9;80;21;5
225;20020213;358;38;56;80;23;30;12;130;17;10175;10241;24;10129;1;60;16;82;19;5
225;20020214;63;86;88;130;11;50;22;180;11;10294;10324;24;10244;1;80;5;84;13;2
225;20020215;51;60;63;80;24;40;4;100;13;10335;10345;21;10318;4;80;6;83;1;1
225;20020216;61;59;61;80;1;40;12;100;1;10303;10341;1;10251;24;80;1;80;1;1
225;20020217;264;26;38;80;21;10;4;100;20;10207;10246;1;10172;24;60;21;80;1;3
225;20020218;277;88;94;130;24;60;7;170;24;10177;10200;18;10152;5;58;4;80;22;5
225;20020219;257;113;133;180;7;60;18;260;10;10112;10159;1;9992;24;56;5;80;13;7
225;20020220;273;93;131;180;2;70;17;230;2;9929;10022;24;9887;17;50;18;75;22;7
225;20020221;289;36;116;210;24;30;13;260;24;10142;10200;12;10047;1;65;23;81;6;5
225;20020222;246;147;163;220;1;110;14;270;1;9969;10038;1;9947;9;58;3;75;13;6
225;20020223;275;176;180;200;4;110;24;270;6;9957;9993;22;9928;13;60;2;75;12;7
225;20020224;279;83;113;180;3;30;24;280;3;10065;10106;11;9985;1;50;4;80;15;7
225;20020225;210;75;89;190;20;20;1;240;20;9991;10029;8;9930;23;40;14;70;3;8
225;20020226;229;167;170;220;13;130;21;290;13;9880;9922;1;9826;8;50;7;75;21;6
225;20020227;243;154;159;180;8;120;21;230;8;9941;9965;12;9916;1;65;13;75;1;5
225;20020228;232;126;129;160;1;60;24;220;7;9969;10013;24;9931;4;45;7;75;6;5
225;20020301;18;38;58;90;13;20;24;120;14;10106;10177;23;10018;1;65;1;82;9;3
225;20020302;273;45;66;110;16;20;1;140;16;10153;10172;1;10133;16;56;17;82;7;3
225;20020303;259;67;73;90;15;50;7;120;17;10180;10192;22;10158;1;56;18;76;4;6
225;20020304;241;53;55;70;1;40;15;100;22;10183;10200;9;10156;24;56;9;70;4;6
225;20020305;238;49;51;100;24;30;3;120;24;10131;10154;1;10093;24;60;6;65;1;7
225;20020306;238;136;137;160;12;100;1;200;12;10034;10088;2;10011;24;56;9;65;4;7
225;20020307;275;123;128;170;2;80;23;220;6;10131;10239;24;10012;1;60;5;75;12;3
225;20020308;224;77;84;130;23;50;3;150;22;10219;10257;7;10140;24;60;13;74;21;5
225;20020309;256;117;129;250;20;60;9;330;19;10090;10129;1;10022;18;56;3;80;6;6
225;20020310;225;118;131;170;17;100;6;230;18;10128;10156;9;10105;18;65;1;80;13;4
225;20020311;211;95;95;140;1;50;24;170;1;10127;10147;24;10108;1;61;17;75;6;6
225;20020312;28;16;41;80;23;10;10;120;23;10152;10162;10;10144;16;60;7;70;1;6
225;20020313;49;69;71;90;10;50;18;130;8;10183;10201;21;10158;1;70;1;80;6;6
225;20020314;84;113;115;150;15;50;1;220;19;10152;10196;1;10127;24;70;5;80;15;5
225;20020315;97;105;106;140;1;50;24;210;2;10123;10132;5;10115;15;65;3;75;22;7
225;20020316;141;28;39;60;6;10;14;100;7;10133;10145;11;10117;24;50;12;70;1;6
225;20020317;164;47;52;80;14;30;16;100;14;10086;10114;1;10068;24;30;13;70;1;6
225;20020318;195;92;104;180;22;60;3;240;17;9979;10065;1;9893;22;45;8;80;17;6
225;20020319;259;87;93;150;1;60;16;230;1;10012;10069;20;9910;1;58;16;65;1;7
225;20020320;246;66;73;100;4;40;20;130;6;10106;10145;17;10043;3;58;15;60;1;8
225;20020321;252;67;70;90;8;20;2;120;9;10160;10196;24;10132;1;60;1;80;21;6
225;20020322;340;56;71;100;7;40;9;120;6;10239;10294;24;10194;5;60;5;81;23;5
225;20020323;31;55;60;90;3;40;13;130;1;10331;10358;23;10299;1;75;1;82;8;5
225;20020324;93;37;38;60;1;10;23;90;13;10356;10370;10;10336;24;65;9;81;1;4
225;20020325;88;11;28;40;1;20;7;60;1;10311;10334;1;10290;24;60;7;80;1;5
225;20020326;30;18;31;60;23;0;10;80;23;10296;10314;22;10284;3;58;8;65;1;7
225;20020327;75;58;59;70;14;40;3;110;15;10328;10342;10;10316;1;58;7;75;3;4
225;20020328;90;49;50;70;15;30;3;80;13;10295;10323;1;10262;24;42;6;75;1;3
225;20020329;131;33;42;70;16;10;19;100;16;10232;10259;1;10213;17;61;22;80;7;1
225;20020330;189;36;38;60;1;10;14;80;1;10212;10227;10;10191;24;45;13;65;1;5
225;20020331;200;56;60;90;14;40;1;110;14;10168;10187;1;10161;17;45;14;65;8;5
225;20020401;199;34;44;70;1;10;17;90;3;10163;10172;11;10157;17;50;6;75;13;6
225;20020402;126;49;51;60;12;40;1;130;13;10144;10160;1;10125;23;50;5;75;15;6
225;20020403;97;81;81;100;11;60;1;140;11;10103;10121;1;10083;16;60;11;75;21;2
225;20020404;84;82;83;100;15;70;1;130;15;10096;10107;7;10081;17;60;15;75;3;1
225;20020405;87;113;113;140;13;80;1;180;12;10115;10165;24;10089;1;70;11;80;4;1
225;20020406;72;101;104;130;13;80;23;170;13;10211;10240;24;10171;1;70;1;81;6;0
225;20020407;52;61;63;90;19;50;5;120;22;10233;10241;7;10216;18;70;1;80;12;3
225;20020408;67;58;60;80;22;40;5;110;22;10238;10250;22;10226;3;65;5;81;12;0
225;20020409;32;60;66;100;22;40;4;140;21;10225;10247;1;10201;17;30;5;65;8;7
225;20020410;65;88;89;120;14;60;23;180;13;10201;10227;6;10172;24;65;2;70;1;3
225;20020411;59;67;70;90;11;40;23;130;11;10110;10167;1;10072;24;60;2;70;9;3
225;20020412;14;78;80;110;15;40;1;140;15;10062;10070;21;10054;15;18;5;65;12;4
225;20020413;7;73;78;110;3;30;23;140;3;10073;10080;23;10064;2;61;6;80;13;4
225;20020414;334;59;66;110;20;20;1;140;21;10102;10127;23;10077;2;65;3;75;1;6
225;20020415;326;81;82;90;1;50;24;120;2;10141;10149;21;10126;1;58;20;70;14;8
225;20020416;360;48;49;60;2;30;24;80;11;10159;10173;22;10144;2;35;10;70;1;7
225;20020417;359;23;29;50;11;20;6;60;9;10164;10168;1;10154;24;35;5;75;16;6
225;20020418;210;20;34;60;14;10;9;80;14;10165;10188;24;10142;4;27;5;75;14;5
225;20020419;279;15;35;50;14;10;23;60;5;10218;10259;24;10187;2;50;10;75;12;4
225;20020420;360;33;40;60;11;10;22;70;9;10310;10353;24;10262;1;45;4;75;1;6
225;20020421;184;1;24;40;13;10;19;50;13;10355;10369;10;10336;24;2;4;75;1;5
225;20020422;207;51;59;80;19;40;1;100;19;10306;10333;1;10284;19;56;23;65;1;6
225;20020423;285;45;50;70;5;30;17;110;5;10300;10310;13;10285;5;56;1;70;6;4
225;20020424;330;12;27;50;1;10;22;60;1;10266;10292;1;10230;24;2;24;70;11;4
225;20020425;268;46;63;90;8;20;1;110;7;10206;10224;1;10171;24;1;1;75;21;5
225;20020426;241;85;116;180;20;50;4;240;20;10041;10161;1;9954;19;40;14;75;1;7
225;20020427;264;118;125;170;1;80;19;220;1;10064;10086;14;10025;1;65;5;80;17;6
225;20020428;216;133;139;180;21;90;4;250;22;9956;10025;1;9932;21;45;6;74;1;8
225;20020429;236;151;157;200;9;120;19;260;9;9979;10055;24;9917;8;20;8;75;5;6
225;20020430;207;116;126;150;1;100;21;200;20;10023;10061;3;9980;24;40;10;75;1;8
225;20020501;216;95;103;140;5;40;20;190;2;10034;10076;21;9978;1;56;9;80;12;5
225;20020502;284;25;60;110;17;30;1;130;17;10081;10127;24;10061;10;35;5;75;1;7
225;20020503;349;65;74;90;15;50;8;120;19;10162;10186;22;10128;1;74;1;80;14;5
225;20020504;9;112;114;130;15;90;1;170;17;10184;10189;11;10174;4;75;5;80;1;7
225;20020505;4;96;103;130;1;40;20;170;2;10166;10182;24;10152;15;30;12;80;1;8
225;20020506;67;47;55;70;16;40;2;90;5;10227;10243;10;10185;1;25;22;75;10;6
225;20020507;78;43;48;80;23;30;3;110;22;10227;10244;8;10209;24;45;1;65;3;5
225;20020508;46;72;75;90;9;60;2;120;8;10169;10206;1;10133;24;2;5;65;16;6
225;20020509;57;48;52;70;2;40;7;90;1;10091;10128;1;10066;23;1;4;70;18;6
225;20020510;221;52;55;80;20;20;5;100;7;10072;10090;21;10054;5;0;7;70;1;8
225;20020511;262;43;53;60;1;40;20;80;3;10094;10112;22;10081;5;26;6;75;21;8
225;20020512;354;34;42;60;4;20;21;80;2;10148;10172;22;10113;1;65;5;80;20;5
225;20020513;149;55;57;90;12;20;1;150;24;10120;10172;1;10052;24;40;5;80;1;5
225;20020514;221;129;133;190;4;50;1;250;3;10122;10200;24;10035;2;58;5;75;19;5
225;20020515;225;80;81;100;1;50;23;130;5;10236;10250;12;10207;1;65;2;75;1;4
225;20020516;252;2;38;60;1;20;15;80;1;10210;10233;1;10180;24;60;4;70;1;2
225;20020517;73;69;70;100;16;30;1;130;16;10144;10177;1;10121;24;50;4;80;9;3
225;20020518;206;50;79;120;17;20;9;150;17;10146;10173;24;10118;3;50;10;80;4;7
225;20020519;219;65;68;90;1;50;12;110;1;10184;10195;11;10172;1;61;1;80;5;5
225;20020520;156;26;42;70;9;10;15;110;11;10139;10170;1;10092;24;50;4;75;1;5
225;20020521;133;37;50;80;24;20;14;130;23;10036;10087;1;9980;24;65;11;75;5;6
225;20020522;171;56;59;90;2;40;5;130;1;10004;10029;24;9976;1;35;7;84;16;7
225;20020523;221;70;74;100;24;50;1;130;23;10072;10096;22;10033;1;65;2;75;1;4
225;20020524;201;106;112;160;20;60;4;200;22;10061;10093;3;10043;17;65;3;80;23;6
225;20020525;221;110;119;150;1;40;22;190;1;10093;10114;21;10061;1;75;1;80;12;5
225;20020526;160;64;67;110;15;30;18;190;15;10055;10090;1;10040;14;60;15;80;1;6
225;20020527;188;25;48;80;8;20;15;110;16;10065;10085;22;10041;1;60;15;80;1;5
225;20020528;199;30;43;100;24;20;14;150;22;10084;10091;11;10076;17;60;14;75;5;6
225;20020529;222;115;119;140;9;90;5;170;9;10136;10191;24;10087;1;65;5;75;4;5
225;20020530;230;92;93;110;11;70;7;130;11;10218;10227;13;10194;1;74;1;80;14;4
225;20020531;267;64;72;110;6;20;22;140;7;10254;10279;21;10222;2;61;4;81;18;3
225;20020601;46;31;45;80;21;0;4;110;21;10268;10285;7;10243;24;61;4;81;12;2
225;20020602;107;53;55;70;6;30;19;110;11;10196;10242;1;10140;24;75;5;81;1;5
225;20020603;195;38;55;90;23;30;15;110;22;10095;10133;1;10074;19;50;17;80;1;7
225;20020604;200;19;58;80;1;20;12;130;24;10064;10085;10;10021;24;60;20;75;15;6
225;20020605;97;48;53;70;9;30;2;110;20;9979;10017;1;9967;12;58;5;70;1;7
225;20020606;171;6;41;50;10;30;3;70;1;10031;10055;20;9995;1;56;20;80;23;7
225;20020607;244;58;73;100;16;40;23;130;16;10046;10074;22;10023;5;56;3;75;1;7
225;20020608;77;24;39;60;23;20;8;80;23;10082;10092;21;10070;3;50;4;75;1;6
225;20020609;228;32;40;80;14;20;6;110;14;10080;10089;7;10069;24;60;6;75;1;6
225;20020610;229;107;110;140;16;40;1;170;15;10089;10111;24;10065;2;70;12;80;4;7
225;20020611;231;91;92;120;19;60;13;140;2;10133;10150;20;10111;1;70;19;81;15;6
225;20020612;224;53;65;100;24;30;4;120;15;10129;10142;1;10118;6;58;4;75;9;7
225;20020613;245;84;86;110;3;70;13;150;5;10143;10161;20;10120;3;65;4;82;12;7
225;20020614;216;42;53;90;23;10;19;180;23;10143;10166;9;10092;24;50;7;75;1;7
225;20020615;231;96;100;120;11;70;1;150;11;10141;10164;19;10091;1;50;5;75;1;6
225;20020616;214;73;75;110;14;50;23;140;13;10172;10177;21;10162;1;40;7;70;1;6
225;20020617;193;21;35;60;6;10;16;90;7;10163;10170;1;10153;24;58;20;70;1;4
225;20020618;284;26;54;120;15;20;2;170;15;10158;10213;23;10119;7;50;16;70;20;5
225;20020619;272;18;48;60;2;30;14;80;1;10229;10238;17;10213;3;70;1;80;14;6
225;20020620;333;45;57;110;16;20;24;140;16;10197;10228;24;10175;10;30;6;80;1;7
225;20020621;204;43;52;80;13;30;1;100;13;10213;10232;1;10202;24;59;3;81;14;4
225;20020622;223;94;97;120;13;50;1;160;16;10185;10199;1;10168;20;65;6;81;1;7
225;20020623;258;70;72;110;1;20;21;140;1;10204;10220;14;10166;1;75;1;80;6;5
225;20020624;271;53;63;80;6;40;1;100;6;10254;10277;22;10213;2;75;22;84;12;2
225;20020625;255;38;45;90;3;20;10;110;4;10268;10276;11;10258;24;65;20;84;17;2
225;20020626;230;73;76;100;22;30;1;120;22;10209;10255;1;10151;24;65;3;80;8;5
225;20020627;296;88;89;110;23;50;1;150;23;10153;10161;10;10141;5;65;5;81;12;5
225;20020628;301;132;133;150;8;110;21;200;14;10174;10207;24;10143;3;70;2;80;1;6
225;20020629;259;80;88;120;22;70;5;150;22;10195;10210;11;10161;24;75;12;81;4;5
225;20020630;238;119;122;170;20;80;4;220;23;10127;10157;1;10067;24;65;12;80;3;7
225;20020701;224;151;156;180;19;140;6;230;20;10013;10065;1;9973;19;     ;     ;     ;     ;     
225;20020702;230;135;138;160;18;120;3;200;16;9998;10012;19;9983;4;     ;     ;     ;     ;     
225;20020703;218;58;100;170;21;70;6;220;22;9975;10031;24;9952;16;     ;     ;     ;     ;     
225;20020704;276;85;96;150;3;70;13;180;2;10131;10169;16;10043;1;     ;     ;     ;     ;     
225;20020705;200;66;71;100;1;40;11;130;2;10121;10143;1;10111;13;     ;     ;     ;     ;     
225;20020706;266;32;48;70;6;30;21;90;6;10141;10171;21;10108;3;     ;     ;     ;     ;     
225;20020707;215;79;83;110;9;40;23;140;11;10159;10167;13;10143;24;     ;     ;     ;     ;     
225;20020708;203;51;55;80;9;20;22;110;9;10113;10138;1;10100;24;     ;     ;     ;     ;     
225;20020709;190;36;51;90;16;20;1;130;16;10071;10096;1;10053;15;     ;     ;     ;     ;     
225;20020710;230;69;71;100;1;40;10;130;4;10106;10123;24;10076;1;     ;     ;     ;     ;     
225;20020711;228;91;95;120;2;50;24;140;2;10174;10215;23;10123;1;     ;     ;     ;     ;     
225;20020712;108;9;37;60;1;10;13;80;17;10205;10219;5;10181;24;     ;     ;     ;     ;     
225;20020713;355;77;81;100;15;50;4;120;15;10181;10214;22;10161;6;     ;     ;     ;     ;     
225;20020714;354;87;88;100;9;60;23;120;2;10239;10252;21;10216;1;     ;     ;     ;     ;     
225;20020715;6;75;76;90;4;60;8;120;15;10229;10244;1;10208;24;     ;     ;     ;     ;     
225;20020716;7;71;73;100;13;40;4;120;12;10189;10202;1;10179;16;     ;     ;     ;     ;     
225;20020717;5;82;84;110;14;60;23;140;14;10184;10193;21;10179;2;     ;     ;     ;     ;     
225;20020718;352;95;95;110;5;80;21;140;5;10194;10201;14;10186;4;     ;     ;     ;     ;     
225;20020719;353;53;58;80;1;40;19;120;5;10194;10198;12;10187;24;     ;     ;     ;     ;     
225;20020720;128;11;34;60;16;20;2;100;16;10155;10185;1;10113;24;     ;     ;     ;     ;     
225;20020721;303;98;103;150;11;40;1;200;13;10133;10175;22;10096;6;     ;     ;     ;     ;     
225;20020722;265;88;96;130;3;70;21;170;3;10173;10186;9;10145;24;     ;     ;     ;     ;     
225;20020723;240;101;105;160;16;50;6;200;16;10106;10141;1;10078;19;     ;     ;     ;     ;     
225;20020724;311;70;77;90;5;50;17;130;6;10135;10159;22;10084;1;     ;     ;     ;     ;     
225;20020725;256;68;72;90;21;60;1;120;22;10151;10158;9;10139;23;     ;     ;     ;     ;     
225;20020726;246;63;67;100;4;50;1;130;4;10161;10187;23;10133;3;     ;     ;     ;     ;     
225;20020727;216;34;42;70;8;10;20;80;7;10191;10198;12;10183;2;     ;     ;     ;     ;     
225;20020728;62;24;36;50;5;20;24;70;12;10188;10194;24;10183;4;     ;     ;     ;     ;     
225;20020729;52;33;40;70;20;20;1;100;20;10180;10194;8;10158;24;     ;     ;     ;     ;     
225;20020730;47;12;42;110;19;20;4;230;19;10110;10152;1;10079;24;     ;     ;     ;     ;     
225;20020731;272;22;33;60;14;10;5;80;19;10088;10114;22;10073;1;     ;     ;     ;     ;     
225;20020801;274;66;70;110;9;40;2;150;9;10115;10127;22;10101;5;     ;     ;     ;     ;     
225;20020802;244;16;43;70;2;20;9;90;2;10131;10141;24;10118;3;     ;     ;     ;     ;     
225;20020803;112;15;31;60;9;10;12;80;9;10134;10148;10;10124;18;     ;     ;     ;     ;     
225;20020804;50;11;26;50;15;10;22;80;19;10123;10130;21;10117;3;     ;     ;     ;     ;     
225;20020805;341;23;33;60;24;10;1;80;24;10130;10137;10;10121;24;     ;     ;     ;     ;     
225;20020806;12;28;40;100;17;10;9;120;17;10121;10146;22;10108;6;     ;     ;     ;     ;     
225;20020807;333;34;38;50;8;20;3;70;12;10158;10164;11;10147;1;     ;     ;     ;     ;     
225;20020808;233;21;32;60;15;10;19;70;14;10122;10154;1;10085;24;     ;     ;     ;     ;     
225;20020809;23;6;29;50;5;20;2;100;14;10050;10079;1;10032;19;     ;     ;     ;     ;     
225;20020810;357;18;38;70;24;10;11;80;23;10052;10073;21;10033;3;     ;     ;     ;     ;     
225;20020811;284;46;56;80;5;40;2;100;5;10062;10068;10;10058;3;     ;     ;     ;     ;     
225;20020812;303;74;76;90;15;60;9;110;15;10113;10172;24;10053;2;     ;     ;     ;     ;     
225;20020813;268;51;57;80;1;40;19;110;1;10193;10202;20;10175;2;     ;     ;     ;     ;     
225;20020814;261;6;30;40;1;20;9;60;1;10203;10212;9;10191;24;     ;     ;     ;     ;     
225;20020815;118;22;31;40;1;20;14;70;6;10180;10189;1;10172;17;     ;     ;     ;     ;     
225;20020816;98;30;38;60;18;20;8;80;18;10186;10193;8;10178;17;     ;     ;     ;     ;     
225;20020817;110;38;41;60;11;30;2;100;11;10162;10182;1;10144;24;     ;     ;     ;     ;     
225;20020818;131;30;45;90;23;30;18;210;22;10125;10141;1;10112;17;     ;     ;     ;     ;     
225;20020819;147;11;30;60;6;10;23;90;2;10138;10150;21;10123;4;     ;     ;     ;     ;     
225;20020820;282;23;38;90;17;10;12;200;8;10138;10142;13;10133;4;     ;     ;     ;     ;     
225;20020821;305;79;81;120;19;40;1;150;19;10143;10163;22;10128;5;     ;     ;     ;     ;     
225;20020822;317;61;60;90;2;20;23;120;2;10185;10201;23;10161;1;     ;     ;     ;     ;     
225;20020823;21;38;42;70;18;10;1;80;17;10196;10202;24;10190;3;     ;     ;     ;     ;     
225;20020824;2;61;66;110;16;40;1;150;19;10198;10211;23;10184;18;     ;     ;     ;     ;     
225;20020825;327;42;48;70;6;30;21;80;1;10235;10247;14;10213;1;     ;     ;     ;     ;     
225;20020826;12;44;48;80;16;20;7;100;17;10208;10239;1;10177;24;     ;     ;     ;     ;     
225;20020827;10;83;84;120;15;60;1;150;15;10162;10173;22;10154;15;     ;     ;     ;     ;     
225;20020828;12;69;70;90;1;40;21;120;1;10179;10190;21;10168;1;     ;     ;     ;     ;     
225;20020829;233;34;39;70;23;10;2;80;23;10188;10195;9;10179;4;     ;     ;     ;     ;     
225;20020830;220;94;94;120;23;70;1;150;23;10176;10189;10;10154;24;     ;     ;     ;     ;     
225;20020831;306;76;96;130;3;60;24;160;2;10215;10277;23;10151;1;     ;     ;     ;     ;     
225;20020901;27;47;51;70;14;40;2;100;16;10302;10313;23;10278;1;     ;     ;     ;     ;     
225;20020902;81;63;64;90;16;40;2;130;15;10290;10315;7;10254;24;     ;     ;     ;     ;     
225;20020903;89;60;61;90;16;20;24;140;13;10189;10251;1;10125;24;     ;     ;     ;     ;     
225;20020904;260;17;25;40;13;10;3;50;5;10117;10131;24;10107;4;     ;     ;     ;     ;     
225;20020905;215;63;64;110;22;20;1;130;21;10136;10142;13;10129;4;     ;     ;     ;     ;     
225;20020906;215;110;113;140;15;70;7;180;22;10129;10135;8;10113;24;     ;     ;     ;     ;     
225;20020907;194;88;92;130;15;50;20;210;15;10094;10111;1;10085;14;     ;     ;     ;     ;     
225;20020908;144;42;45;70;13;30;5;120;14;10102;10127;22;10091;8;     ;     ;     ;     ;     
225;20020909;139;48;67;140;21;20;1;200;20;10112;10157;24;10089;16;     ;     ;     ;     ;     
225;20020910;252;15;42;70;1;30;7;90;1;10206;10242;23;10160;1;     ;     ;     ;     ;     
225;20020911;45;41;65;90;7;40;21;110;6;10253;10278;23;10235;4;     ;     ;     ;     ;     
225;20020912;72;78;79;100;11;30;1;140;17;10266;10275;9;10253;16;     ;     ;     ;     ;     
225;20020913;53;55;58;70;10;50;3;100;15;10261;10272;9;10251;17;     ;     ;     ;     ;     
225;20020914;360;76;79;110;15;20;4;150;22;10235;10254;1;10222;18;     ;     ;     ;     ;     
225;20020915;29;45;53;80;1;30;13;110;1;10230;10240;11;10220;2;     ;     ;     ;     ;     
225;20020916;343;56;59;80;7;40;1;100;6;10203;10221;1;10187;24;     ;     ;     ;     ;     
225;20020917;343;53;55;70;8;30;4;90;7;10184;10189;10;10179;4;     ;     ;     ;     ;     
225;20020918;19;20;33;60;2;20;6;100;2;10174;10183;11;10167;24;     ;     ;     ;     ;     
225;20020919;60;30;35;50;16;20;3;60;9;10173;10188;23;10160;4;     ;     ;     ;     ;     
225;20020920;347;43;48;70;6;20;23;90;6;10202;10214;23;10186;3;     ;     ;     ;     ;     
225;20020921;328;46;57;100;21;20;5;120;18;10173;10207;1;10135;24;     ;     ;     ;     ;     
225;20020922;7;95;101;130;12;40;6;220;12;10119;10139;24;10104;16;     ;     ;     ;     ;     
225;20020923;43;88;89;100;1;70;18;160;1;10197;10235;24;10147;1;     ;     ;     ;     ;     
225;20020924;49;60;66;80;1;30;20;120;1;10239;10256;9;10209;24;     ;     ;     ;     ;     
225;20020925;334;75;87;110;22;70;2;150;4;10177;10204;1;10148;24;     ;     ;     ;     ;     
225;20020926;318;62;70;100;1;40;10;140;2;10160;10201;24;10133;5;     ;     ;     ;     ;     
225;20020927;349;34;42;70;2;10;24;110;4;10239;10274;23;10202;1;     ;     ;     ;     ;     
225;20020928;108;2;28;50;15;10;1;60;15;10286;10294;19;10271;2;     ;     ;     ;     ;     
225;20020929;158;33;36;50;22;20;1;70;14;10287;10299;9;10272;24;     ;     ;     ;     ;     
225;20020930;151;47;48;60;23;30;19;80;4;10252;10271;1;10232;24;     ;     ;     ;     ;     
225;20021001;144;20;27;60;2;10;16;70;1;10226;10234;9;10220;16;     ;     ;     ;     ;     
225;20021002;142;27;36;50;1;20;10;70;21;10203;10219;1;10193;16;     ;     ;     ;     ;     
225;20021003;293;61;70;90;18;40;2;110;18;10214;10243;24;10193;2;     ;     ;     ;     ;     
225;20021004;304;78;79;100;13;60;4;120;13;10259;10267;13;10245;1;     ;     ;     ;     ;     
225;20021005;288;111;117;140;21;80;1;180;21;10191;10254;1;10128;24;     ;     ;     ;     ;     
225;20021006;21;89;92;140;5;10;24;190;5;10173;10212;21;10116;3;     ;     ;     ;     ;     
225;20021007;35;12;57;90;6;30;1;130;6;10180;10208;1;10165;16;     ;     ;     ;     ;     
225;20021008;98;67;67;80;10;50;3;120;10;10163;10176;1;10146;24;     ;     ;     ;     ;     
225;20021009;93;91;91;110;13;50;1;170;16;10114;10144;1;10095;15;     ;     ;     ;     ;     
225;20021010;84;116;117;130;10;100;24;180;15;10124;10150;24;10107;2;     ;     ;     ;     ;     
225;20021011;89;96;97;120;9;70;23;160;10;10160;10174;8;10148;24;     ;     ;     ;     ;     
225;20021012;94;66;66;90;3;40;18;120;2;10129;10145;1;10122;13;     ;     ;     ;     ;     
225;20021013;98;59;59;80;22;40;4;110;24;10110;10128;1;10063;24;     ;     ;     ;     ;     
225;20021014;75;42;63;90;2;30;23;120;3;10049;10113;23;10012;13;     ;     ;     ;     ;     
225;20021015;105;54;57;90;14;20;2;140;24;10066;10120;2;9986;24;     ;     ;     ;     ;     
225;20021016;223;116;141;180;9;110;17;230;9;9954;9979;1;9934;19;     ;     ;     ;     ;     
225;20021017;303;93;99;120;1;70;21;180;22;10000;10028;24;9962;1;     ;     ;     ;     ;     
225;20021018;290;62;79;130;6;30;21;160;1;10053;10100;24;10022;6;     ;     ;     ;     ;     
225;20021019;298;72;85;110;16;60;2;230;14;10156;10179;15;10108;1;     ;     ;     ;     ;     
225;20021020;104;15;44;100;24;20;11;170;1;10158;10186;9;10074;24;     ;     ;     ;     ;     
225;20021021;160;45;65;110;18;20;11;140;18;9976;10069;1;9935;24;     ;     ;     ;     ;     
225;20021022;177;78;80;110;17;60;1;150;17;9871;9931;1;9816;23;     ;     ;     ;     ;     
225;20021023;266;138;142;160;15;100;1;220;16;9948;10035;24;9819;1;     ;     ;     ;     ;     
225;20021024;242;64;89;170;3;40;18;220;3;10067;10098;11;10026;24;     ;     ;     ;     ;     
225;20021025;210;112;122;180;24;60;1;270;23;9938;10018;1;9890;17;     ;     ;     ;     ;     
225;20021026;258;146;153;210;2;80;20;270;2;10062;10155;18;9910;1;     ;     ;     ;     ;     
225;20021027;251;167;203;280;13;70;1;390;13;9997;10165;24;9882;13;     ;     ;     ;     ;     
225;20021028;277;123;123;180;1;70;24;230;1;10247;10271;19;10180;1;     ;     ;     ;     ;     
225;20021029;153;30;48;70;16;30;11;100;16;10180;10263;1;10109;20;     ;     ;     ;     ;     
225;20021030;87;34;35;50;11;10;3;70;11;10155;10183;24;10113;1;     ;     ;     ;     ;     
225;20021031;77;26;33;50;3;20;11;60;1;10197;10215;20;10177;4;     ;     ;     ;     ;     
225;20021101;189;53;60;100;23;20;2;130;23;10141;10205;1;10071;24;     ;     ;     ;     ;     
225;20021102;212;29;56;90;1;20;16;120;1;10099;10121;15;10059;24;     ;     ;     ;     ;     
225;20021103;238;47;74;110;10;30;24;150;9;10040;10077;24;10001;6;     ;     ;     ;     ;     
225;20021104;102;9;25;50;22;10;8;80;10;10147;10207;24;10080;1;     ;     ;     ;     ;     
225;20021105;120;35;37;60;24;20;9;90;22;10242;10255;18;10210;1;     ;     ;     ;     ;     
225;20021106;177;80;85;140;14;40;23;190;15;10146;10235;1;10094;21;     ;     ;     ;     ;     
225;20021107;315;105;106;130;11;30;1;170;10;10112;10134;24;10097;1;     ;     ;     ;     ;     
225;20021108;240;88;118;150;12;60;3;190;12;10043;10137;3;9904;21;     ;     ;     ;     ;     
225;20021109;343;85;87;130;2;10;22;170;2;10032;10108;23;9923;1;     ;     ;     ;     ;     
225;20021110;159;42;53;70;12;30;1;110;12;10047;10110;2;9969;23;     ;     ;     ;     ;     
225;20021111;255;73;84;100;4;70;1;120;3;10027;10074;21;9969;1;     ;     ;     ;     ;     
225;20021112;195;104;105;140;17;60;23;190;18;10029;10072;2;9992;24;     ;     ;     ;     ;     
225;20021113;193;76;85;140;15;40;23;180;16;9926;9985;1;9894;14;     ;     ;     ;     ;     
225;20021114;172;83;91;140;12;50;1;190;12;9861;9902;24;9826;7;     ;     ;     ;     ;     
225;20021115;138;33;33;50;1;10;20;80;1;9940;9986;24;9900;3;     ;     ;     ;     ;     
225;20021116;45;37;47;70;19;20;1;90;18;9997;10010;24;9987;1;     ;     ;     ;     ;     
225;20021117;232;24;47;60;1;20;12;80;18;10078;10115;23;10014;1;     ;     ;     ;     ;     
225;20021118;209;43;53;80;4;30;17;100;4;10134;10150;21;10111;1;     ;     ;     ;     ;     
225;20021119;99;37;37;60;16;10;7;80;19;10142;10149;21;10135;7;     ;     ;     ;     ;     